Name;Type;RA;Dec;Const;MajAx;MinAx;PosAng;B-Mag;V-Mag;J-Mag;H-Mag;K-Mag;SurfBr;Hubble;Pax;Pm-RA;Pm-Dec;RadVel;Redshift;Cstar U-Mag;Cstar B-Mag;Cstar V-Mag;M;NGC;IC;Cstar Names;Identifiers;Common names;NED notes;OpenNGC notes;Sources
Sh2-1;HII;15:58:51.20;-26:07:13.9;;150;;;;8.0;;;;;;;;;;;;;;;;;;;"Sharpless 1; Sh 2-1; S1";;"form: irregular; struct: intermediate; bright: 3/3; stars: 1";"VizieR VII/20 (Sharpless 1959); B1900→J2000 precessed"
Sh2-2;HII;17:04:06.62;-38:08:33.0;;60;;;;11.0;;;;;;;;;;;;;;;;;;;"Sharpless 2; Sh 2-2; S2";;"form: irregular; struct: intermediate; bright: 2/3; stars: 1";"VizieR VII/20 (Sharpless 1959); B1900→J2000 precessed"
Sh2-3;HII;17:13:45.03;-38:30:11.2;;12;;;;8.0;;;;;;;;;;;;;;;;;;;"Sharpless 3; Sh 2-3; S3";;"form: elliptical; struct: filamentary; bright: 3/3";"VizieR VII/20 (Sharpless 1959); B1900→J2000 precessed"
Sh2-4;HII;17:19:48.78;-39:20:19.5;;5;;;;8.0;;;;;;;;;;;;;;;;;;;"Sharpless 4; Sh 2-4; S4";;"form: elliptical; struct: filamentary; bright: 3/3";"VizieR VII/20 (Sharpless 1959); B1900→J2000 precessed"
Sh2-5;HII;17:20:03.47;-38:27:17.2;;100;;;;11.0;;;;;;;;;;;;;;;;;;;"Sharpless 5; Sh 2-5; S5";;"form: irregular; struct: intermediate; bright: 2/3; stars: 9";"VizieR VII/20 (Sharpless 1959); B1900→J2000 precessed"
Sh2-6;HII;17:15:04.11;-37:06:59.6;;4;;;;8.0;;;;;;;;;;;;;;;;;;;"Sharpless 6; Sh 2-6; S6";;"form: irregular; struct: intermediate; bright: 3/3";"VizieR VII/20 (Sharpless 1959); B1900→J2000 precessed"
Sh2-7;HII;16:00:19.76;-22:57:02.3;;240;;;;14.0;;;;;;;;;;;;;;;;;;;"Sharpless 7; Sh 2-7; S7";;"form: irregular; struct: intermediate; bright: 1/3; stars: 1";"VizieR VII/20 (Sharpless 1959); B1900→J2000 precessed"
Sh2-8;HII;17:21:24.84;-36:02:04.9;;120;;;;8.0;;;;;;;;;;;;;;;;;;;"Sharpless 8; Sh 2-8; S8";;"form: irregular; struct: filamentary; bright: 3/3; stars: 4";"VizieR VII/20 (Sharpless 1959); B1900→J2000 precessed"
Sh2-9;HII;16:21:10.89;-25:35:22.0;;80;;;;11.0;;;;;;;;;;;;;;;;;;;"Sharpless 9; Sh 2-9; S9";;"form: irregular; struct: intermediate; bright: 2/3; stars: 1";"VizieR VII/20 (Sharpless 1959); B1900→J2000 precessed"
Sh2-10;HII;17:19:00.01;-34:05:25.1;;60;;;;11.0;;;;;;;;;;;;;;;;;;;"Sharpless 10; Sh 2-10; S10";;"form: irregular; struct: intermediate; bright: 2/3; stars: 1";"VizieR VII/20 (Sharpless 1959); B1900→J2000 precessed"
Sh2-11;HII;17:26:30.95;-34:12:20.5;;90;;;;8.0;;;;;;;;;;;;;;;;;;;"Sharpless 11; Sh 2-11; S11";;"form: irregular; struct: filamentary; bright: 3/3; stars: 2";"VizieR VII/20 (Sharpless 1959); B1900→J2000 precessed"
Sh2-12;HII;17:35:56.17;-32:35:58.5;;120;;;;11.0;;;;;;;;;;;;;;;;;;;"Sharpless 12; Sh 2-12; S12";;"form: circular; struct: intermediate; bright: 2/3; stars: 9";"VizieR VII/20 (Sharpless 1959); B1900→J2000 precessed"
Sh2-13;HII;17:30:28.56;-31:33:45.6;;40;;;;11.0;;;;;;;;;;;;;;;;;;;"Sharpless 13; Sh 2-13; S13";;"form: elliptical; struct: intermediate; bright: 2/3; stars: 1";"VizieR VII/20 (Sharpless 1959); B1900→J2000 precessed"
Sh2-14;HII;17:30:18.48;-30:15:46.8;;2;;;;11.0;;;;;;;;;;;;;;;;;;;"Sharpless 14; Sh 2-14; S14";;"form: irregular; struct: amorphous; bright: 2/3";"VizieR VII/20 (Sharpless 1959); B1900→J2000 precessed"
Sh2-15;HII;17:50:34.39;-31:15:50.7;;30;;;;11.0;;;;;;;;;;;;;;;;;;;"Sharpless 15; Sh 2-15; S15";;"form: elliptical; struct: intermediate; bright: 2/3; stars: 3";"VizieR VII/20 (Sharpless 1959); B1900→J2000 precessed"
Sh2-16;HII;17:47:52.21;-29:18:13.9;;20;;;;11.0;;;;;;;;;;;;;;;;;;;"Sharpless 16; Sh 2-16; S16";;"form: irregular; struct: intermediate; bright: 2/3";"VizieR VII/20 (Sharpless 1959); B1900→J2000 precessed"
Sh2-17;HII;17:46:08.80;-28:51:28.8;;25;;;;11.0;;;;;;;;;;;;;;;;;;;"Sharpless 17; Sh 2-17; S17";;"form: irregular; struct: intermediate; bright: 2/3";"VizieR VII/20 (Sharpless 1959); B1900→J2000 precessed"
Sh2-18;HII;17:48:46.07;-29:15:06.0;;4;;;;11.0;;;;;;;;;;;;;;;;;;;"Sharpless 18; Sh 2-18; S18";;"form: circular; struct: intermediate; bright: 2/3";"VizieR VII/20 (Sharpless 1959); B1900→J2000 precessed"
Sh2-19;HII;17:49:21.67;-29:07:00.8;;12;;;;11.0;;;;;;;;;;;;;;;;;;;"Sharpless 19; Sh 2-19; S19";;"form: circular; struct: amorphous; bright: 2/3";"VizieR VII/20 (Sharpless 1959); B1900→J2000 precessed"
Sh2-20;HII;17:49:14.30;-28:40:01.8;;10;;;;11.0;;;;;;;;;;;;;;;;;;;"Sharpless 20; Sh 2-20; S20";;"form: irregular; struct: intermediate; bright: 2/3";"VizieR VII/20 (Sharpless 1959); B1900→J2000 precessed"
Sh2-21;HII;17:51:39.04;-28:53:40.8;;5;;;;11.0;;;;;;;;;;;;;;;;;;;"Sharpless 21; Sh 2-21; S21";;"form: irregular; struct: intermediate; bright: 2/3";"VizieR VII/20 (Sharpless 1959); B1900→J2000 precessed"
Sh2-22;HII;17:55:03.78;-25:02:10.1;;60;;;;11.0;;;;;;;;;;;;;;;;;;;"Sharpless 22; Sh 2-22; S22";;"form: irregular; struct: intermediate; bright: 2/3; stars: 5";"VizieR VII/20 (Sharpless 1959); B1900→J2000 precessed"
Sh2-23;HII;16:13:24.62;-08:22:20.2;;50;;;;14.0;;;;;;;;;;;;;;;;;;;"Sharpless 23; Sh 2-23; S23";;"form: irregular; struct: intermediate; bright: 1/3";"VizieR VII/20 (Sharpless 1959); B1900→J2000 precessed"
Sh2-24;HII;16:11:03.80;-07:04:38.2;;30;;;;11.0;;;;;;;;;;;;;;;;;;;"Sharpless 24; Sh 2-24; S24";;"form: elliptical; struct: amorphous; bright: 2/3";"VizieR VII/20 (Sharpless 1959); B1900→J2000 precessed"
Sh2-25;HII;18:05:26.03;-24:23:39.3;;90;;;;8.0;;;;;;;;;;;;;;;;;;;"Sharpless 25; Sh 2-25; S25";;"form: irregular; struct: filamentary; bright: 3/3; stars: 14";"VizieR VII/20 (Sharpless 1959); B1900→J2000 precessed"
Sh2-26;HII;17:58:59.03;-23:19:35.5;;20;;;;14.0;;;;;;;;;;;;;;;;;;;"Sharpless 26; Sh 2-26; S26";;"form: irregular; struct: intermediate; bright: 1/3";"VizieR VII/20 (Sharpless 1959); B1900→J2000 precessed"
Sh2-27;HII;16:37:12.41;-10:34:11.0;;480;;;;11.0;;;;;;;;;;;;;;;;;;;"Sharpless 27; Sh 2-27; S27";;"form: irregular; struct: intermediate; bright: 2/3; stars: 1";"VizieR VII/20 (Sharpless 1959); B1900→J2000 precessed"
Sh2-28;HII;18:02:41.76;-23:35:03.1;;40;;;;14.0;;;;;;;;;;;;;;;;;;;"Sharpless 28; Sh 2-28; S28";;"form: circular; struct: intermediate; bright: 1/3";"VizieR VII/20 (Sharpless 1959); B1900→J2000 precessed"
Sh2-29;HII;18:10:30.91;-23:59:54.8;;40;;;;11.0;;;;;;;;;;;;;;;;;;;"Sharpless 29; Sh 2-29; S29";;"form: irregular; struct: intermediate; bright: 2/3; stars: 3";"VizieR VII/20 (Sharpless 1959); B1900→J2000 precessed"
Sh2-30;HII;18:03:34.19;-23:00:55.3;;20;;;;8.0;;;;;;;;;;;;;;;;;;;"Sharpless 30; Sh 2-30; S30";;"form: irregular; struct: filamentary; bright: 3/3; stars: 1";"VizieR VII/20 (Sharpless 1959); B1900→J2000 precessed"
Sh2-31;HII;18:11:18.34;-23:47:47.8;;8;;;;11.0;;;;;;;;;;;;;;;;;;;"Sharpless 31; Sh 2-31; S31";;"form: circular; struct: amorphous; bright: 2/3; stars: 1";"VizieR VII/20 (Sharpless 1959); B1900→J2000 precessed"
Sh2-32;HII;18:10:53.93;-23:38:51.4;;8;;;;11.0;;;;;;;;;;;;;;;;;;;"Sharpless 32; Sh 2-32; S32";;"form: circular; struct: intermediate; bright: 2/3; stars: 2";"VizieR VII/20 (Sharpless 1959); B1900→J2000 precessed"
Sh2-33;HII;15:59:52.37;-01:37:02.8;;35;;;;14.0;;;;;;;;;;;;;;;;;;;"Sharpless 33; Sh 2-33; S33";;"form: irregular; struct: intermediate; bright: 1/3";"VizieR VII/20 (Sharpless 1959); B1900→J2000 precessed"
Sh2-34;HII;18:06:24.50;-21:39:30.2;;90;;;;11.0;;;;;;;;;;;;;;;;;;;"Sharpless 34; Sh 2-34; S34";;"form: irregular; struct: intermediate; bright: 2/3; stars: 1";"VizieR VII/20 (Sharpless 1959); B1900→J2000 precessed"
Sh2-35;HII;18:15:50.69;-20:15:07.5;;20;;;;11.0;;;;;;;;;;;;;;;;;;;"Sharpless 35; Sh 2-35; S35";;"form: irregular; struct: amorphous; bright: 2/3; stars: 5";"VizieR VII/20 (Sharpless 1959); B1900→J2000 precessed"
Sh2-36;HII;16:05:30.33;+00:23:40.1;;45;;;;14.0;;;;;;;;;;;;;;;;;;;"Sharpless 36; Sh 2-36; S36";;"form: circular; struct: intermediate; bright: 1/3";"VizieR VII/20 (Sharpless 1959); B1900→J2000 precessed"
Sh2-37;HII;18:17:43.12;-19:39:51.0;;20;;;;11.0;;;;;;;;;;;;;;;;;;;"Sharpless 37; Sh 2-37; S37";;"form: irregular; struct: intermediate; bright: 2/3; stars: 3";"VizieR VII/20 (Sharpless 1959); B1900→J2000 precessed"
Sh2-38;HII;18:08:45.54;-18:16:09.0;;3;;;;14.0;;;;;;;;;;;;;;;;;;;"Sharpless 38; Sh 2-38; S38";;"form: irregular; struct: intermediate; bright: 1/3";"VizieR VII/20 (Sharpless 1959); B1900→J2000 precessed"
Sh2-39;HII;18:16:46.49;-18:38:59.0;;3;;;;11.0;;;;;;;;;;;;;;;;;;;"Sharpless 39; Sh 2-39; S39";;"form: irregular; struct: amorphous; bright: 2/3";"VizieR VII/20 (Sharpless 1959); B1900→J2000 precessed"
Sh2-40;HII;18:12:02.18;-17:44:40.3;;15;;;;11.0;;;;;;;;;;;;;;;;;;;"Sharpless 40; Sh 2-40; S40";;"form: irregular; struct: intermediate; bright: 2/3";"VizieR VII/20 (Sharpless 1959); B1900→J2000 precessed"
Sh2-41;HII;18:15:51.42;-18:14:07.0;;90;;;;11.0;;;;;;;;;;;;;;;;;;;"Sharpless 41; Sh 2-41; S41";;"form: irregular; struct: intermediate; bright: 2/3; stars: 6";"VizieR VII/20 (Sharpless 1959); B1900→J2000 precessed"
Sh2-42;HII;18:10:17.81;-16:48:55.3;;3;;;;11.0;;;;;;;;;;;;;;;;;;;"Sharpless 42; Sh 2-42; S42";;"form: irregular; struct: amorphous; bright: 2/3";"VizieR VII/20 (Sharpless 1959); B1900→J2000 precessed"
Sh2-43;HII;18:16:25.27;-17:24:01.9;;15;;;;11.0;;;;;;;;;;;;;;;;;;;"Sharpless 43; Sh 2-43; S43";;"form: elliptical; struct: amorphous; bright: 2/3";"VizieR VII/20 (Sharpless 1959); B1900→J2000 precessed"
Sh2-44;HII;18:16:29.57;-16:44:01.1;;60;;;;11.0;;;;;;;;;;;;;;;;;;;"Sharpless 44; Sh 2-44; S44";;"form: irregular; struct: intermediate; bright: 2/3; stars: 2";"VizieR VII/20 (Sharpless 1959); B1900→J2000 precessed"
Sh2-45;HII;18:20:46.12;-16:10:23.7;;60;;;;8.0;;;;;;;;;;;;;;;;;;;"Sharpless 45; Sh 2-45; S45";;"form: irregular; struct: filamentary; bright: 3/3; stars: 6";"VizieR VII/20 (Sharpless 1959); B1900→J2000 precessed"
Sh2-46;HII;18:06:11.14;-14:09:30.8;;25;;;;11.0;;;;;;;;;;;;;;;;;;;"Sharpless 46; Sh 2-46; S46";;"form: elliptical; struct: intermediate; bright: 2/3; stars: 1";"VizieR VII/20 (Sharpless 1959); B1900→J2000 precessed"
Sh2-47;HII;18:17:44.73;-15:36:50.0;;5;;;;11.0;;;;;;;;;;;;;;;;;;;"Sharpless 47; Sh 2-47; S47";;"form: circular; struct: intermediate; bright: 2/3; stars: 1";"VizieR VII/20 (Sharpless 1959); B1900→J2000 precessed"
Sh2-48;HII;18:22:24.13;-14:35:09.2;;10;;;;11.0;;;;;;;;;;;;;;;;;;;"Sharpless 48; Sh 2-48; S48";;"form: irregular; struct: intermediate; bright: 2/3; stars: 1";"VizieR VII/20 (Sharpless 1959); B1900→J2000 precessed"
Sh2-49;HII;18:18:40.61;-13:57:41.6;;90;;;;8.0;;;;;;;;;;;;;;;;;;;"Sharpless 49; Sh 2-49; S49";;"form: irregular; struct: filamentary; bright: 3/3; stars: 10";"VizieR VII/20 (Sharpless 1959); B1900→J2000 precessed"
Sh2-50;HII;18:25:30.41;-14:42:42.2;;35;;;;11.0;;;;;;;;;;;;;;;;;;;"Sharpless 50; Sh 2-50; S50";;"form: irregular; struct: intermediate; bright: 2/3; stars: 1";"VizieR VII/20 (Sharpless 1959); B1900→J2000 precessed"
Sh2-51;HII;18:40:46.73;-16:33:30.1;;35;;;;14.0;;;;;;;;;;;;;;;;;;;"Sharpless 51; Sh 2-51; S51";;"form: irregular; struct: amorphous; bright: 1/3";"VizieR VII/20 (Sharpless 1959); B1900→J2000 precessed"
Sh2-52;HII;19:47:46.84;-23:05:14.9;;2;;;;11.0;;;;;;;;;;;;;;;;;;;"Sharpless 52; Sh 2-52; S52";;"form: elliptical; struct: amorphous; bright: 2/3";"VizieR VII/20 (Sharpless 1959); B1900→J2000 precessed"
Sh2-53;HII;18:25:14.75;-13:13:44.2;;15;;;;11.0;;;;;;;;;;;;;;;;;;;"Sharpless 53; Sh 2-53; S53";;"form: irregular; struct: intermediate; bright: 2/3";"VizieR VII/20 (Sharpless 1959); B1900→J2000 precessed"
Sh2-54;HII;18:17:53.15;-11:43:48.1;;140;;;;8.0;;;;;;;;;;;;;;;;;;;"Sharpless 54; Sh 2-54; S54";;"form: irregular; struct: filamentary; bright: 3/3; stars: 7";"VizieR VII/20 (Sharpless 1959); B1900→J2000 precessed"
Sh2-55;HII;18:32:11.10;-11:45:43.6;;5;;;;14.0;;;;;;;;;;;;;;;;;;;"Sharpless 55; Sh 2-55; S55";;"form: irregular; struct: intermediate; bright: 1/3; stars: 1";"VizieR VII/20 (Sharpless 1959); B1900→J2000 precessed"
Sh2-56;HII;18:31:06.20;-09:42:52.6;;7;;;;14.0;;;;;;;;;;;;;;;;;;;"Sharpless 56; Sh 2-56; S56";;"form: circular; struct: intermediate; bright: 1/3";"VizieR VII/20 (Sharpless 1959); B1900→J2000 precessed"
Sh2-57;HII;18:30:33.60;-08:36:57.1;;2;;;;14.0;;;;;;;;;;;;;;;;;;;"Sharpless 57; Sh 2-57; S57";;"form: irregular; struct: intermediate; bright: 1/3; stars: 1";"VizieR VII/20 (Sharpless 1959); B1900→J2000 precessed"
Sh2-58;HII;18:31:27.23;-08:27:49.4;;8;;;;11.0;;;;;;;;;;;;;;;;;;;"Sharpless 58; Sh 2-58; S58";;"form: irregular; struct: intermediate; bright: 2/3";"VizieR VII/20 (Sharpless 1959); B1900→J2000 precessed"
Sh2-59;HII;18:37:01.15;-07:36:01.0;;20;;;;14.0;;;;;;;;;;;;;;;;;;;"Sharpless 59; Sh 2-59; S59";;"form: irregular; struct: intermediate; bright: 1/3";"VizieR VII/20 (Sharpless 1959); B1900→J2000 precessed"
Sh2-60;HII;18:36:41.04;-06:42:03.7;;20;;;;11.0;;;;;;;;;;;;;;;;;;;"Sharpless 60; Sh 2-60; S60";;"form: irregular; struct: intermediate; bright: 2/3";"VizieR VII/20 (Sharpless 1959); B1900→J2000 precessed"
Sh2-61;HII;18:32:55.12;-05:00:36.1;;2;;;;8.0;;;;;;;;;;;;;;;;;;;"Sharpless 61; Sh 2-61; S61";;"form: irregular; struct: intermediate; bright: 3/3";"VizieR VII/20 (Sharpless 1959); B1900→J2000 precessed"
Sh2-62;HII;18:27:34.44;-03:51:22.3;;4;;;;14.0;;;;;;;;;;;;;;;;;;;"Sharpless 62; Sh 2-62; S62";;"form: irregular; struct: amorphous; bright: 1/3";"VizieR VII/20 (Sharpless 1959); B1900→J2000 precessed"
Sh2-63;HII;19:57:43.18;-14:06:56.4;;55;;;;14.0;;;;;;;;;;;;;;;;;;;"Sharpless 63; Sh 2-63; S63";;"form: irregular; struct: intermediate; bright: 1/3";"VizieR VII/20 (Sharpless 1959); B1900→J2000 precessed"
Sh2-64;HII;18:31:35.93;-01:54:47.0;;25;;;;11.0;;;;;;;;;;;;;;;;;;;"Sharpless 64; Sh 2-64; S64";;"form: irregular; struct: intermediate; bright: 2/3";"VizieR VII/20 (Sharpless 1959); B1900→J2000 precessed"
Sh2-65;HII;18:46:58.12;-03:44:34.6;;7;;;;11.0;;;;;;;;;;;;;;;;;;;"Sharpless 65; Sh 2-65; S65";;"form: irregular; struct: intermediate; bright: 2/3";"VizieR VII/20 (Sharpless 1959); B1900→J2000 precessed"
Sh2-66;HII;18:45:30.11;-01:59:46.9;;8;;;;11.0;;;;;;;;;;;;;;;;;;;"Sharpless 66; Sh 2-66; S66";;"form: irregular; struct: intermediate; bright: 2/3";"VizieR VII/20 (Sharpless 1959); B1900→J2000 precessed"
Sh2-67;HII;18:49:24.93;-02:21:13.4;;10;;;;14.0;;;;;;;;;;;;;;;;;;;"Sharpless 67; Sh 2-67; S67";;"form: elliptical; struct: amorphous; bright: 1/3";"VizieR VII/20 (Sharpless 1959); B1900→J2000 precessed"
Sh2-68;HII;18:25:11.50;+00:51:17.8;;8;;;;11.0;;;;;;;;;;;;;;;;;;;"Sharpless 68; Sh 2-68; S68";;"form: irregular; struct: intermediate; bright: 2/3";"VizieR VII/20 (Sharpless 1959); B1900→J2000 precessed"
Sh2-69;HII;18:44:26.18;-00:16:55.8;;20;;;;11.0;;;;;;;;;;;;;;;;;;;"Sharpless 69; Sh 2-69; S69";;"form: elliptical; struct: intermediate; bright: 2/3; stars: 1";"VizieR VII/20 (Sharpless 1959); B1900→J2000 precessed"
Sh2-70;HII;18:14:38.92;+07:03:46.9;;5;;;;11.0;;;;;;;;;;;;;;;;;;;"Sharpless 70; Sh 2-70; S70";;"form: irregular; struct: amorphous; bright: 2/3";"VizieR VII/20 (Sharpless 1959); B1900→J2000 precessed"
Sh2-71;HII;19:02:02.71;+02:09:34.8;;3;;;;8.0;;;;;;;;;;;;;;;;;;;"Sharpless 71; Sh 2-71; S71";;"form: elliptical; struct: intermediate; bright: 3/3";"VizieR VII/20 (Sharpless 1959); B1900→J2000 precessed"
Sh2-72;HII;19:03:50.38;+02:18:50.0;;25;;;;11.0;;;;;;;;;;;;;;;;;;;"Sharpless 72; Sh 2-72; S72";;"form: irregular; struct: intermediate; bright: 2/3";"VizieR VII/20 (Sharpless 1959); B1900→J2000 precessed"
Sh2-73;HII;16:11:07.62;+21:52:26.4;;75;;;;14.0;;;;;;;;;;;;;;;;;;;"Sharpless 73; Sh 2-73; S73";;"form: irregular; struct: intermediate; bright: 1/3";"VizieR VII/20 (Sharpless 1959); B1900→J2000 precessed"
Sh2-74;HII;19:08:49.02;+05:36:32.4;;3;;;;11.0;;;;;;;;;;;;;;;;;;;"Sharpless 74; Sh 2-74; S74";;"form: irregular; struct: intermediate; bright: 2/3";"VizieR VII/20 (Sharpless 1959); B1900→J2000 precessed"
Sh2-75;HII;18:59:15.39;+07:07:12.0;;10;;;;14.0;;;;;;;;;;;;;;;;;;;"Sharpless 75; Sh 2-75; S75";;"form: circular; struct: intermediate; bright: 1/3";"VizieR VII/20 (Sharpless 1959); B1900→J2000 precessed"
Sh2-76;HII;18:56:25.74;+07:48:48.1;;7;;;;14.0;;;;;;;;;;;;;;;;;;;"Sharpless 76; Sh 2-76; S76";;"form: circular; struct: intermediate; bright: 1/3";"VizieR VII/20 (Sharpless 1959); B1900→J2000 precessed"
Sh2-77;HII;19:48:17.28;+01:08:52.5;;8;;;;14.0;;;;;;;;;;;;;;;;;;;"Sharpless 77; Sh 2-77; S77";;"form: elliptical; struct: amorphous; bright: 1/3";"VizieR VII/20 (Sharpless 1959); B1900→J2000 precessed"
Sh2-78;HII;19:03:11.13;+14:07:46.4;;12;;;;14.0;;;;;;;;;;;;;;;;;;;"Sharpless 78; Sh 2-78; S78";;"form: circular; struct: amorphous; bright: 1/3";"VizieR VII/20 (Sharpless 1959); B1900→J2000 precessed"
Sh2-79;HII;19:23:18.44;+13:58:33.9;;40;;;;14.0;;;;;;;;;;;;;;;;;;;"Sharpless 79; Sh 2-79; S79";;"form: irregular; struct: intermediate; bright: 1/3";"VizieR VII/20 (Sharpless 1959); B1900→J2000 precessed"
Sh2-80;HII;19:11:28.94;+16:51:56.5;;2;;;;8.0;;;;;;;;;;;;;;;;;;;"Sharpless 80; Sh 2-80; S80";;"form: irregular; struct: intermediate; bright: 3/3";"VizieR VII/20 (Sharpless 1959); B1900→J2000 precessed"
Sh2-81;HII;20:01:13.48;+11:47:33.7;;10;;;;14.0;;;;;;;;;;;;;;;;;;;"Sharpless 81; Sh 2-81; S81";;"form: irregular; struct: amorphous; bright: 1/3";"VizieR VII/20 (Sharpless 1959); B1900→J2000 precessed"
Sh2-82;HII;19:30:20.76;+18:16:32.0;;9;;;;11.0;;;;;;;;;;;;;;;;;;;"Sharpless 82; Sh 2-82; S82";;"form: irregular; struct: amorphous; bright: 2/3; stars: 1";"VizieR VII/20 (Sharpless 1959); B1900→J2000 precessed"
Sh2-83;HII;19:24:32.15;+20:47:45.1;;2;;;;11.0;;;;;;;;;;;;;;;;;;;"Sharpless 83; Sh 2-83; S83";;"form: circular; struct: intermediate; bright: 2/3";"VizieR VII/20 (Sharpless 1959); B1900→J2000 precessed"
Sh2-84;HII;19:49:03.99;+18:24:01.0;;15;;;;8.0;;;;;;;;;;;;;;;;;;;"Sharpless 84; Sh 2-84; S84";;"form: irregular; struct: intermediate; bright: 3/3; stars: 2";"VizieR VII/20 (Sharpless 1959); B1900→J2000 precessed"
Sh2-85;HII;19:03:17.23;+25:49:49.4;;6;;;;11.0;;;;;;;;;;;;;;;;;;;"Sharpless 85; Sh 2-85; S85";;"form: irregular; struct: intermediate; bright: 2/3; stars: 1";"VizieR VII/20 (Sharpless 1959); B1900→J2000 precessed"
Sh2-86;HII;19:43:09.69;+23:17:15.4;;40;;;;11.0;;;;;;;;;;;;;;;;;;;"Sharpless 86; Sh 2-86; S86";;"form: circular; struct: intermediate; bright: 2/3; stars: 3";"VizieR VII/20 (Sharpless 1959); B1900→J2000 precessed"
Sh2-87;HII;19:46:24.70;+24:37:41.2;;10;;;;14.0;;;;;;;;;;;;;;;;;;;"Sharpless 87; Sh 2-87; S87";;"form: irregular; struct: amorphous; bright: 1/3; stars: 1";"VizieR VII/20 (Sharpless 1959); B1900→J2000 precessed"
Sh2-88;HII;19:45:58.83;+25:20:37.9;;25;;;;11.0;;;;;;;;;;;;;;;;;;;"Sharpless 88; Sh 2-88; S88";;"form: irregular; struct: intermediate; bright: 2/3; stars: 1";"VizieR VII/20 (Sharpless 1959); B1900→J2000 precessed"
Sh2-89;HII;19:50:02.41;+26:29:09.9;;5;;;;14.0;;;;;;;;;;;;;;;;;;;"Sharpless 89; Sh 2-89; S89";;"form: circular; struct: intermediate; bright: 1/3";"VizieR VII/20 (Sharpless 1959); B1900→J2000 precessed"
Sh2-90;HII;19:49:13.31;+26:52:03.5;;6;;;;11.0;;;;;;;;;;;;;;;;;;;"Sharpless 90; Sh 2-90; S90";;"form: irregular; struct: intermediate; bright: 2/3";"VizieR VII/20 (Sharpless 1959); B1900→J2000 precessed"
Sh2-91;HII;19:35:34.04;+29:36:16.0;;120;;;;11.0;;;;;;;;;;;;;;;;;;;"Sharpless 91; Sh 2-91; S91";;"form: irregular; struct: filamentary; bright: 2/3";"VizieR VII/20 (Sharpless 1959); B1900→J2000 precessed"
Sh2-92;HII;19:46:39.31;+28:14:43.7;;50;;;;14.0;;;;;;;;;;;;;;;;;;;"Sharpless 92; Sh 2-92; S92";;"form: circular; struct: amorphous; bright: 1/3; stars: 4";"VizieR VII/20 (Sharpless 1959); B1900→J2000 precessed"
Sh2-93;HII;19:55:01.22;+27:12:48.5;;1;;;;8.0;;;;;;;;;;;;;;;;;;;"Sharpless 93; Sh 2-93; S93";;"form: irregular; struct: intermediate; bright: 3/3";"VizieR VII/20 (Sharpless 1959); B1900→J2000 precessed"
Sh2-94;HII;19:27:51.60;+31:28:14.1;;25;;;;14.0;;;;;;;;;;;;;;;;;;;"Sharpless 94; Sh 2-94; S94";;"form: irregular; struct: filamentary; bright: 1/3";"VizieR VII/20 (Sharpless 1959); B1900→J2000 precessed"
Sh2-95;HII;19:55:01.72;+29:17:48.9;;1;;;;11.0;;;;;;;;;;;;;;;;;;;"Sharpless 95; Sh 2-95; S95";;"form: circular; struct: intermediate; bright: 2/3";"VizieR VII/20 (Sharpless 1959); B1900→J2000 precessed"
Sh2-96;HII;19:28:42.05;+32:41:21.2;;25;;;;14.0;;;;;;;;;;;;;;;;;;;"Sharpless 96; Sh 2-96; S96";;"form: irregular; struct: intermediate; bright: 1/3";"VizieR VII/20 (Sharpless 1959); B1900→J2000 precessed"
Sh2-97;HII;19:56:05.26;+30:15:57.2;;10;;;;14.0;;;;;;;;;;;;;;;;;;;"Sharpless 97; Sh 2-97; S97";;"form: circular; struct: intermediate; bright: 1/3";"VizieR VII/20 (Sharpless 1959); B1900→J2000 precessed"
Sh2-98;HII;19:58:44.52;+31:25:17.8;;15;;;;14.0;;;;;;;;;;;;;;;;;;;"Sharpless 98; Sh 2-98; S98";;"form: circular; struct: amorphous; bright: 1/3; stars: 1";"VizieR VII/20 (Sharpless 1959); B1900→J2000 precessed"
Sh2-99;HII;20:00:51.03;+33:29:34.2;;5;;;;8.0;;;;;;;;;;;;;;;;;;;"Sharpless 99; Sh 2-99; S99";;"form: irregular; struct: intermediate; bright: 3/3";"VizieR VII/20 (Sharpless 1959); B1900→J2000 precessed"
Sh2-100;HII;20:01:51.17;+33:30:41.8;;4;;;;8.0;;;;;;;;;;;;;;;;;;;"Sharpless 100; Sh 2-100; S100";;"form: irregular; struct: intermediate; bright: 3/3";"VizieR VII/20 (Sharpless 1959); B1900→J2000 precessed"
Sh2-101;HII;19:59:57.52;+35:17:27.7;;20;;;;11.0;;;;;;;;;;;;;;;;;;;"Sharpless 101; Sh 2-101; S101";;"form: irregular; struct: intermediate; bright: 2/3; stars: 1";"VizieR VII/20 (Sharpless 1959); B1900→J2000 precessed"
Sh2-102;HII;20:31:47.07;+30:36:18.5;;40;;;;14.0;;;;;;;;;;;;;;;;;;;"Sharpless 102; Sh 2-102; S102";;"form: irregular; struct: amorphous; bright: 1/3";"VizieR VII/20 (Sharpless 1959); B1900→J2000 precessed"
Sh2-103;HII;20:50:32.47;+30:55:24.4;;210;;;;8.0;;;;;;;;;;;;;;;;;;;"Sharpless 103; Sh 2-103; S103";;"form: irregular; struct: filamentary; bright: 3/3";"VizieR VII/20 (Sharpless 1959); B1900→J2000 precessed"
Sh2-104;HII;20:17:45.14;+36:44:40.1;;7;;;;11.0;;;;;;;;;;;;;;;;;;;"Sharpless 104; Sh 2-104; S104";;"form: circular; struct: intermediate; bright: 2/3";"VizieR VII/20 (Sharpless 1959); B1900→J2000 precessed"
Sh2-105;HII;20:12:02.78;+38:20:58.7;;18;;;;8.0;;;;;;;;;;;;;;;;;;;"Sharpless 105; Sh 2-105; S105";;"form: elliptical; struct: filamentary; bright: 3/3; stars: 1";"VizieR VII/20 (Sharpless 1959); B1900→J2000 precessed"
Sh2-106;HII;20:27:27.67;+37:23:49.4;;3;;;;8.0;;;;;;;;;;;;;;;;;;;"Sharpless 106; Sh 2-106; S106";;"form: irregular; struct: intermediate; bright: 3/3";"VizieR VII/20 (Sharpless 1959); B1900→J2000 precessed"
Sh2-107;HII;20:42:46.82;+36:20:34.1;;5;;;;11.0;;;;;;;;;;;;;;;;;;;"Sharpless 107; Sh 2-107; S107";;"form: elliptical; struct: intermediate; bright: 2/3; stars: 1";"VizieR VII/20 (Sharpless 1959); B1900→J2000 precessed"
Sh2-108;HII;20:22:35.48;+40:15:15.5;;180;;;;8.0;;;;;;;;;;;;;;;;;;;"Sharpless 108; Sh 2-108; S108";;"form: irregular; struct: filamentary; bright: 3/3";"VizieR VII/20 (Sharpless 1959); B1900→J2000 precessed"
Sh2-109;HII;20:33:38.46;+40:20:32.9;;1080;;;;11.0;;;;;;;;;;;;;;;;;;;"Sharpless 109; Sh 2-109; S109";;"form: elliptical; struct: filamentary; bright: 2/3";"VizieR VII/20 (Sharpless 1959); B1900→J2000 precessed"
Sh2-110;HII;21:20:48.86;+32:27:28.3;;50;;;;14.0;;;;;;;;;;;;;;;;;;;"Sharpless 110; Sh 2-110; S110";;"form: irregular; struct: intermediate; bright: 1/3";"VizieR VII/20 (Sharpless 1959); B1900→J2000 precessed"
Sh2-111;HII;21:41:53.29;+30:06:20.5;;90;;;;14.0;;;;;;;;;;;;;;;;;;;"Sharpless 111; Sh 2-111; S111";;"form: irregular; struct: amorphous; bright: 1/3";"VizieR VII/20 (Sharpless 1959); B1900→J2000 precessed"
Sh2-112;HII;20:33:50.36;+45:39:35.3;;15;;;;11.0;;;;;;;;;;;;;;;;;;;"Sharpless 112; Sh 2-112; S112";;"form: circular; struct: intermediate; bright: 2/3; stars: 1";"VizieR VII/20 (Sharpless 1959); B1900→J2000 precessed"
Sh2-113;HII;21:20:48.18;+38:05:28.8;;15;;;;14.0;;;;;;;;;;;;;;;;;;;"Sharpless 113; Sh 2-113; S113";;"form: irregular; struct: amorphous; bright: 1/3";"VizieR VII/20 (Sharpless 1959); B1900→J2000 precessed"
Sh2-114;HII;21:21:10.81;+38:42:31.0;;9;;;;11.0;;;;;;;;;;;;;;;;;;;"Sharpless 114; Sh 2-114; S114";;"form: irregular; struct: filamentary; bright: 2/3";"VizieR VII/20 (Sharpless 1959); B1900→J2000 precessed"
Sh2-115;HII;20:34:34.00;+46:52:40.5;;50;;;;11.0;;;;;;;;;;;;;;;;;;;"Sharpless 115; Sh 2-115; S115";;"form: irregular; struct: intermediate; bright: 2/3";"VizieR VII/20 (Sharpless 1959); B1900→J2000 precessed"
Sh2-116;HII;20:32:19.25;+47:21:25.2;;2;;;;11.0;;;;;;;;;;;;;;;;;;;"Sharpless 116; Sh 2-116; S116";;"form: circular; struct: intermediate; bright: 2/3";"VizieR VII/20 (Sharpless 1959); B1900→J2000 precessed"
Sh2-117;HII;20:58:46.56;+44:19:18.7;;240;;;;11.0;;;;;;;;;;;;;;;;;;;"Sharpless 117; Sh 2-117; S117";;"form: irregular; struct: filamentary; bright: 2/3; stars: 1";"VizieR VII/20 (Sharpless 1959); B1900→J2000 precessed"
Sh2-118;HII;21:37:01.13;+40:12:56.6;;480;;;;14.0;;;;;;;;;;;;;;;;;;;"Sharpless 118; Sh 2-118; S118";;"form: irregular; struct: intermediate; bright: 1/3";"VizieR VII/20 (Sharpless 1959); B1900→J2000 precessed"
Sh2-119;HII;21:18:25.79;+43:56:16.1;;160;;;;8.0;;;;;;;;;;;;;;;;;;;"Sharpless 119; Sh 2-119; S119";;"form: elliptical; struct: intermediate; bright: 3/3; stars: 1";"VizieR VII/20 (Sharpless 1959); B1900→J2000 precessed"
Sh2-120;HII;21:03:47.11;+49:52:50.6;;1;;;;14.0;;;;;;;;;;;;;;;;;;;"Sharpless 120; Sh 2-120; S120";;"form: circular; struct: amorphous; bright: 1/3";"VizieR VII/20 (Sharpless 1959); B1900→J2000 precessed"
Sh2-121;HII;21:05:12.70;+49:38:59.2;;1;;;;14.0;;;;;;;;;;;;;;;;;;;"Sharpless 121; Sh 2-121; S121";;"form: irregular; struct: intermediate; bright: 1/3";"VizieR VII/20 (Sharpless 1959); B1900→J2000 precessed"
Sh2-122;HII;23:08:47.29;+14:55:29.8;;40;;;;14.0;;;;;;;;;;;;;;;;;;;"Sharpless 122; Sh 2-122; S122";;"form: irregular; struct: intermediate; bright: 1/3";"VizieR VII/20 (Sharpless 1959); B1900→J2000 precessed"
Sh2-123;HII;21:42:22.79;+44:32:24.2;;13;;;;11.0;;;;;;;;;;;;;;;;;;;"Sharpless 123; Sh 2-123; S123";;"form: elliptical; struct: intermediate; bright: 2/3";"VizieR VII/20 (Sharpless 1959); B1900→J2000 precessed"
Sh2-124;HII;21:38:21.71;+50:21:04.7;;70;;;;11.0;;;;;;;;;;;;;;;;;;;"Sharpless 124; Sh 2-124; S124";;"form: circular; struct: intermediate; bright: 2/3";"VizieR VII/20 (Sharpless 1959); B1900→J2000 precessed"
Sh2-125;HII;21:53:33.18;+47:16:18.2;;9;;;;8.0;;;;;;;;;;;;;;;;;;;"Sharpless 125; Sh 2-125; S125";;"form: elliptical; struct: intermediate; bright: 3/3; stars: 1";"VizieR VII/20 (Sharpless 1959); B1900→J2000 precessed"
Sh2-126;HII;22:33:27.51;+38:34:56.0;;160;;;;11.0;;;;;;;;;;;;;;;;;;;"Sharpless 126; Sh 2-126; S126";;"form: irregular; struct: intermediate; bright: 2/3; stars: 1";"VizieR VII/20 (Sharpless 1959); B1900→J2000 precessed"
Sh2-127;HII;21:28:41.91;+54:37:14.7;;2;;;;11.0;;;;;;;;;;;;;;;;;;;"Sharpless 127; Sh 2-127; S127";;"form: irregular; struct: intermediate; bright: 2/3";"VizieR VII/20 (Sharpless 1959); B1900→J2000 precessed"
Sh2-128;HII;21:32:08.82;+55:51:33.3;;1;;;;8.0;;;;;;;;;;;;;;;;;;;"Sharpless 128; Sh 2-128; S128";;"form: irregular; struct: intermediate; bright: 3/3";"VizieR VII/20 (Sharpless 1959); B1900→J2000 precessed"
Sh2-129;HII;21:11:44.92;+59:57:40.7;;140;;;;11.0;;;;;;;;;;;;;;;;;;;"Sharpless 129; Sh 2-129; S129";;"form: irregular; struct: intermediate; bright: 2/3; stars: 1";"VizieR VII/20 (Sharpless 1959); B1900→J2000 precessed"
Sh2-130;HII;20:42:59.65;+63:13:42.5;;3;;;;11.0;;;;;;;;;;;;;;;;;;;"Sharpless 130; Sh 2-130; S130";;"form: irregular; struct: intermediate; bright: 2/3; stars: 1";"VizieR VII/20 (Sharpless 1959); B1900→J2000 precessed"
Sh2-131;HII;21:39:00.32;+57:29:09.1;;170;;;;11.0;;;;;;;;;;;;;;;;;;;"Sharpless 131; Sh 2-131; S131";;"form: circular; struct: intermediate; bright: 2/3; stars: 5";"VizieR VII/20 (Sharpless 1959); B1900→J2000 precessed"
Sh2-132;HII;22:18:47.67;+56:08:05.2;;90;;;;11.0;;;;;;;;;;;;;;;;;;;"Sharpless 132; Sh 2-132; S132";;"form: irregular; struct: filamentary; bright: 2/3; stars: 3";"VizieR VII/20 (Sharpless 1959); B1900→J2000 precessed"
Sh2-133;HII;21:28:59.95;+64:18:18.7;;80;;;;14.0;;;;;;;;;;;;;;;;;;;"Sharpless 133; Sh 2-133; S133";;"form: irregular; struct: amorphous; bright: 1/3";"VizieR VII/20 (Sharpless 1959); B1900→J2000 precessed"
Sh2-134;HII;22:11:29.88;+59:24:37.2;;160;;;;11.0;;;;;;;;;;;;;;;;;;;"Sharpless 134; Sh 2-134; S134";;"form: irregular; struct: intermediate; bright: 2/3; stars: 1";"VizieR VII/20 (Sharpless 1959); B1900→J2000 precessed"
Sh2-135;HII;22:22:11.64;+58:44:18.1;;15;;;;11.0;;;;;;;;;;;;;;;;;;;"Sharpless 135; Sh 2-135; S135";;"form: irregular; struct: intermediate; bright: 2/3";"VizieR VII/20 (Sharpless 1959); B1900→J2000 precessed"
Sh2-136;HII;21:16:29.68;+68:15:11.4;;5;;;;8.0;;;;;;;;;;;;;;;;;;;"Sharpless 136; Sh 2-136; S136";;"form: irregular; struct: intermediate; bright: 3/3";"VizieR VII/20 (Sharpless 1959); B1900→J2000 precessed"
Sh2-137;HII;21:57:07.16;+64:41:37.1;;90;;;;14.0;;;;;;;;;;;;;;;;;;;"Sharpless 137; Sh 2-137; S137";;"form: irregular; struct: intermediate; bright: 1/3; stars: 2";"VizieR VII/20 (Sharpless 1959); B1900→J2000 precessed"
Sh2-138;HII;22:32:39.53;+58:28:54.5;;1;;;;11.0;;;;;;;;;;;;;;;;;;;"Sharpless 138; Sh 2-138; S138";;"form: irregular; struct: intermediate; bright: 2/3";"VizieR VII/20 (Sharpless 1959); B1900→J2000 precessed"
Sh2-139;HII;22:35:00.38;+58:13:02.1;;10;;;;14.0;;;;;;;;;;;;;;;;;;;"Sharpless 139; Sh 2-139; S139";;"form: irregular; struct: intermediate; bright: 1/3";"VizieR VII/20 (Sharpless 1959); B1900→J2000 precessed"
Sh2-140;HII;22:19:07.83;+63:17:07.3;;30;;;;8.0;;;;;;;;;;;;;;;;;;;"Sharpless 140; Sh 2-140; S140";;"form: elliptical; struct: intermediate; bright: 3/3; stars: 1";"VizieR VII/20 (Sharpless 1959); B1900→J2000 precessed"
Sh2-141;HII;22:28:30.46;+61:38:40.8;;5;;;;11.0;;;;;;;;;;;;;;;;;;;"Sharpless 141; Sh 2-141; S141";;"form: circular; struct: amorphous; bright: 2/3";"VizieR VII/20 (Sharpless 1959); B1900→J2000 precessed"
Sh2-142;HII;22:47:35.73;+58:03:39.7;;30;;;;8.0;;;;;;;;;;;;;;;;;;;"Sharpless 142; Sh 2-142; S142";;"form: irregular; struct: filamentary; bright: 3/3; stars: 3";"VizieR VII/20 (Sharpless 1959); B1900→J2000 precessed"
Sh2-143;HII;22:50:14.91;+57:42:46.9;;4;;;;14.0;;;;;;;;;;;;;;;;;;;"Sharpless 143; Sh 2-143; S143";;"form: irregular; struct: amorphous; bright: 1/3";"VizieR VII/20 (Sharpless 1959); B1900→J2000 precessed"
Sh2-144;HII;22:44:52.17;+59:53:32.2;;4;;;;14.0;;;;;;;;;;;;;;;;;;;"Sharpless 144; Sh 2-144; S144";;"form: irregular; struct: intermediate; bright: 1/3";"VizieR VII/20 (Sharpless 1959); B1900→J2000 precessed"
Sh2-145;HII;22:25:33.63;+64:18:30.9;;90;;;;14.0;;;;;;;;;;;;;;;;;;;"Sharpless 145; Sh 2-145; S145";;"form: elliptical; struct: intermediate; bright: 1/3";"VizieR VII/20 (Sharpless 1959); B1900→J2000 precessed"
Sh2-146;HII;22:49:26.34;+59:55:44.9;;2;;;;11.0;;;;;;;;;;;;;;;;;;;"Sharpless 146; Sh 2-146; S146";;"form: irregular; struct: intermediate; bright: 2/3";"VizieR VII/20 (Sharpless 1959); B1900→J2000 precessed"
Sh2-147;HII;22:55:29.70;+58:28:00.5;;2;;;;14.0;;;;;;;;;;;;;;;;;;;"Sharpless 147; Sh 2-147; S147";;"form: circular; struct: amorphous; bright: 1/3";"VizieR VII/20 (Sharpless 1959); B1900→J2000 precessed"
Sh2-148;HII;22:56:12.21;+58:31:02.3;;2;;;;8.0;;;;;;;;;;;;;;;;;;;"Sharpless 148; Sh 2-148; S148";;"form: irregular; struct: intermediate; bright: 3/3";"VizieR VII/20 (Sharpless 1959); B1900→J2000 precessed"
Sh2-149;HII;22:56:24.35;+58:32:02.8;;1;;;;11.0;;;;;;;;;;;;;;;;;;;"Sharpless 149; Sh 2-149; S149";;"form: circular; struct: amorphous; bright: 2/3";"VizieR VII/20 (Sharpless 1959); B1900→J2000 precessed"
Sh2-150;HII;22:31:11.94;+65:06:50.3;;40;;;;11.0;;;;;;;;;;;;;;;;;;;"Sharpless 150; Sh 2-150; S150";;"form: irregular; struct: intermediate; bright: 2/3";"VizieR VII/20 (Sharpless 1959); B1900→J2000 precessed"
Sh2-151;HII;23:03:03.35;+57:04:18.2;;20;;;;14.0;;;;;;;;;;;;;;;;;;;"Sharpless 151; Sh 2-151; S151";;"form: irregular; struct: amorphous; bright: 1/3; stars: 1";"VizieR VII/20 (Sharpless 1959); B1900→J2000 precessed"
Sh2-152;HII;22:58:37.78;+58:47:08.1;;2;;;;8.0;;;;;;;;;;;;;;;;;;;"Sharpless 152; Sh 2-152; S152";;"form: irregular; struct: intermediate; bright: 3/3";"VizieR VII/20 (Sharpless 1959); B1900→J2000 precessed"
Sh2-153;HII;22:59:14.45;+58:44:09.6;;5;;;;11.0;;;;;;;;;;;;;;;;;;;"Sharpless 153; Sh 2-153; S153";;"form: circular; struct: intermediate; bright: 2/3";"VizieR VII/20 (Sharpless 1959); B1900→J2000 precessed"
Sh2-154;HII;22:51:24.62;+61:10:50.2;;60;;;;11.0;;;;;;;;;;;;;;;;;;;"Sharpless 154; Sh 2-154; S154";;"form: irregular; struct: intermediate; bright: 2/3";"VizieR VII/20 (Sharpless 1959); B1900→J2000 precessed"
Sh2-155;HII;22:56:43.78;+62:37:03.8;;60;;;;11.0;;;;;;;;;;;;;;;;;;;"Sharpless 155; Sh 2-155; S155";;"form: irregular; struct: intermediate; bright: 2/3; stars: 9";"VizieR VII/20 (Sharpless 1959); B1900→J2000 precessed"
Sh2-156;HII;23:05:10.55;+60:15:22.9;;2;;;;8.0;;;;;;;;;;;;;;;;;;;"Sharpless 156; Sh 2-156; S156";;"form: circular; struct: intermediate; bright: 3/3";"VizieR VII/20 (Sharpless 1959); B1900→J2000 precessed"
Sh2-157;HII;23:16:03.56;+60:02:44.0;;90;;;;8.0;;;;;;;;;;;;;;;;;;;"Sharpless 157; Sh 2-157; S157";;"form: irregular; struct: filamentary; bright: 3/3; stars: 5";"VizieR VII/20 (Sharpless 1959); B1900→J2000 precessed"
Sh2-158;HII;23:13:40.31;+61:30:39.8;;10;;;;8.0;;;;;;;;;;;;;;;;;;;"Sharpless 158; Sh 2-158; S158";;"form: elliptical; struct: filamentary; bright: 3/3";"VizieR VII/20 (Sharpless 1959); B1900→J2000 precessed"
Sh2-159;HII;23:15:43.14;+61:08:43.4;;7;;;;11.0;;;;;;;;;;;;;;;;;;;"Sharpless 159; Sh 2-159; S159";;"form: irregular; struct: intermediate; bright: 2/3";"VizieR VII/20 (Sharpless 1959); B1900→J2000 precessed"
Sh2-160;HII;23:05:47.69;+64:40:24.4;;80;;;;14.0;;;;;;;;;;;;;;;;;;;"Sharpless 160; Sh 2-160; S160";;"form: irregular; struct: intermediate; bright: 1/3; stars: 3";"VizieR VII/20 (Sharpless 1959); B1900→J2000 precessed"
Sh2-161;HII;23:15:29.47;+61:51:43.0;;55;;;;11.0;;;;;;;;;;;;;;;;;;;"Sharpless 161; Sh 2-161; S161";;"form: elliptical; struct: intermediate; bright: 2/3";"VizieR VII/20 (Sharpless 1959); B1900→J2000 precessed"
Sh2-162;HII;23:20:42.13;+61:11:51.6;;40;;;;8.0;;;;;;;;;;;;;;;;;;;"Sharpless 162; Sh 2-162; S162";;"form: irregular; struct: filamentary; bright: 3/3; stars: 2";"VizieR VII/20 (Sharpless 1959); B1900→J2000 precessed"
Sh2-163;HII;23:33:19.60;+60:47:08.4;;10;;;;11.0;;;;;;;;;;;;;;;;;;;"Sharpless 163; Sh 2-163; S163";;"form: irregular; struct: intermediate; bright: 2/3";"VizieR VII/20 (Sharpless 1959); B1900→J2000 precessed"
Sh2-164;HII;23:38:25.57;+59:58:13.5;;3;;;;11.0;;;;;;;;;;;;;;;;;;;"Sharpless 164; Sh 2-164; S164";;"form: irregular; struct: intermediate; bright: 2/3";"VizieR VII/20 (Sharpless 1959); B1900→J2000 precessed"
Sh2-165;HII;23:39:49.08;+61:56:14.7;;10;;;;11.0;;;;;;;;;;;;;;;;;;;"Sharpless 165; Sh 2-165; S165";;"form: elliptical; struct: intermediate; bright: 2/3; stars: 1";"VizieR VII/20 (Sharpless 1959); B1900→J2000 precessed"
Sh2-166;HII;23:42:10.44;+60:58:16.6;;10;;;;14.0;;;;;;;;;;;;;;;;;;;"Sharpless 166; Sh 2-166; S166";;"form: circular; struct: amorphous; bright: 1/3; stars: 1";"VizieR VII/20 (Sharpless 1959); B1900→J2000 precessed"
Sh2-167;HII;23:35:22.47;+64:51:10.6;;2;;;;14.0;;;;;;;;;;;;;;;;;;;"Sharpless 167; Sh 2-167; S167";;"form: circular; struct: amorphous; bright: 1/3";"VizieR VII/20 (Sharpless 1959); B1900→J2000 precessed"
Sh2-168;HII;23:53:03.82;+60:28:22.7;;7;;;;11.0;;;;;;;;;;;;;;;;;;;"Sharpless 168; Sh 2-168; S168";;"form: elliptical; struct: intermediate; bright: 2/3";"VizieR VII/20 (Sharpless 1959); B1900→J2000 precessed"
Sh2-169;HII;23:53:58.78;+60:22:23.0;;5;;;;14.0;;;;;;;;;;;;;;;;;;;"Sharpless 169; Sh 2-169; S169";;"form: circular; struct: amorphous; bright: 1/3; stars: 1";"VizieR VII/20 (Sharpless 1959); B1900→J2000 precessed"
Sh2-170;HII;00:01:42.38;+64:37:24.4;;20;;;;11.0;;;;;;;;;;;;;;;;;;;"Sharpless 170; Sh 2-170; S170";;"form: circular; struct: intermediate; bright: 2/3; stars: 1";"VizieR VII/20 (Sharpless 1959); B1900→J2000 precessed"
Sh2-171;HII;00:04:40.25;+67:09:24.3;;180;;;;8.0;;;;;;;;;;;;;;;;;;;"Sharpless 171; Sh 2-171; S171";;"form: irregular; struct: intermediate; bright: 3/3; stars: 3";"VizieR VII/20 (Sharpless 1959); B1900→J2000 precessed"
Sh2-172;HII;00:15:32.93;+61:15:21.2;;1;;;;14.0;;;;;;;;;;;;;;;;;;;"Sharpless 172; Sh 2-172; S172";;"form: elliptical; struct: amorphous; bright: 1/3";"VizieR VII/20 (Sharpless 1959); B1900→J2000 precessed"
Sh2-173;HII;00:21:51.89;+61:44:17.4;;30;;;;11.0;;;;;;;;;;;;;;;;;;;"Sharpless 173; Sh 2-173; S173";;"form: circular; struct: intermediate; bright: 2/3; stars: 2";"VizieR VII/20 (Sharpless 1959); B1900→J2000 precessed"
Sh2-174;HII;23:46:49.25;+80:56:19.9;;10;;;;14.0;;;;;;;;;;;;;;;;;;;"Sharpless 174; Sh 2-174; S174";;"form: irregular; struct: intermediate; bright: 1/3";"VizieR VII/20 (Sharpless 1959); B1900→J2000 precessed"
Sh2-175;HII;00:27:19.21;+64:42:12.9;;2;;;;11.0;;;;;;;;;;;;;;;;;;;"Sharpless 175; Sh 2-175; S175";;"form: circular; struct: intermediate; bright: 2/3";"VizieR VII/20 (Sharpless 1959); B1900→J2000 precessed"
Sh2-176;HII;00:31:39.27;+57:17:08.5;;10;;;;14.0;;;;;;;;;;;;;;;;;;;"Sharpless 176; Sh 2-176; S176";;"form: irregular; struct: intermediate; bright: 1/3";"VizieR VII/20 (Sharpless 1959); B1900→J2000 precessed"
Sh2-177;HII;00:31:33.08;+62:28:08.7;;40;;;;14.0;;;;;;;;;;;;;;;;;;;"Sharpless 177; Sh 2-177; S177";;"form: irregular; struct: amorphous; bright: 1/3; stars: 2";"VizieR VII/20 (Sharpless 1959); B1900→J2000 precessed"
Sh2-178;HII;22:18:56.25;+87:45:41.7;;420;;;;14.0;;;;;;;;;;;;;;;;;;;"Sharpless 178; Sh 2-178; S178";;"form: irregular; struct: intermediate; bright: 1/3";"VizieR VII/20 (Sharpless 1959); B1900→J2000 precessed"
Sh2-179;HII;00:40:25.39;+62:51:57.6;;1;;;;14.0;;;;;;;;;;;;;;;;;;;"Sharpless 179; Sh 2-179; S179";;"form: circular; struct: amorphous; bright: 1/3";"VizieR VII/20 (Sharpless 1959); B1900→J2000 precessed"
Sh2-180;HII;00:48:46.69;+62:55:44.5;;15;;;;14.0;;;;;;;;;;;;;;;;;;;"Sharpless 180; Sh 2-180; S180";;"form: irregular; struct: amorphous; bright: 1/3";"VizieR VII/20 (Sharpless 1959); B1900→J2000 precessed"
Sh2-181;HII;00:49:16.67;+65:12:43.7;;15;;;;14.0;;;;;;;;;;;;;;;;;;;"Sharpless 181; Sh 2-181; S181";;"form: irregular; struct: amorphous; bright: 1/3";"VizieR VII/20 (Sharpless 1959); B1900→J2000 precessed"
Sh2-182;HII;00:50:16.67;+64:44:42.0;;2;;;;14.0;;;;;;;;;;;;;;;;;;;"Sharpless 182; Sh 2-182; S182";;"form: irregular; struct: amorphous; bright: 1/3";"VizieR VII/20 (Sharpless 1959); B1900→J2000 precessed"
Sh2-183;HII;00:53:59.80;+65:42:35.2;;35;;;;14.0;;;;;;;;;;;;;;;;;;;"Sharpless 183; Sh 2-183; S183";;"form: irregular; struct: intermediate; bright: 1/3";"VizieR VII/20 (Sharpless 1959); B1900→J2000 precessed"
Sh2-184;HII;00:52:50.76;+56:36:37.0;;40;;;;8.0;;;;;;;;;;;;;;;;;;;"Sharpless 184; Sh 2-184; S184";;"form: irregular; struct: intermediate; bright: 3/3; stars: 1";"VizieR VII/20 (Sharpless 1959); B1900→J2000 precessed"
Sh2-185;HII;01:00:00.01;+60:59:22.8;;120;;;;11.0;;;;;;;;;;;;;;;;;;;"Sharpless 185; Sh 2-185; S185";;"form: irregular; struct: intermediate; bright: 2/3; stars: 1";"VizieR VII/20 (Sharpless 1959); B1900→J2000 precessed"
Sh2-186;HII;01:08:51.11;+63:08:02.6;;1;;;;11.0;;;;;;;;;;;;;;;;;;;"Sharpless 186; Sh 2-186; S186";;"form: irregular; struct: intermediate; bright: 2/3";"VizieR VII/20 (Sharpless 1959); B1900→J2000 precessed"
Sh2-187;HII;01:23:07.77;+61:51:23.9;;10;;;;11.0;;;;;;;;;;;;;;;;;;;"Sharpless 187; Sh 2-187; S187";;"form: irregular; struct: filamentary; bright: 2/3";"VizieR VII/20 (Sharpless 1959); B1900→J2000 precessed"
Sh2-188;HII;01:30:39.35;+58:22:00.3;;9;;;;11.0;;;;;;;;;;;;;;;;;;;"Sharpless 188; Sh 2-188; S188";;"form: irregular; struct: filamentary; bright: 2/3";"VizieR VII/20 (Sharpless 1959); B1900→J2000 precessed"
Sh2-189;HII;02:12:08.55;+64:10:18.1;;2;;;;14.0;;;;;;;;;;;;;;;;;;;"Sharpless 189; Sh 2-189; S189";;"form: circular; struct: amorphous; bright: 1/3";"VizieR VII/20 (Sharpless 1959); B1900→J2000 precessed"
Sh2-190;HII;02:33:23.15;+61:26:32.4;;150;;;;8.0;;;;;;;;;;;;;;;;;;;"Sharpless 190; Sh 2-190; S190";;"form: irregular; struct: filamentary; bright: 3/3; stars: 8";"VizieR VII/20 (Sharpless 1959); B1900→J2000 precessed"
Sh2-191;HII;02:36:39.33;+59:38:14.5;;2;;;;8.0;;;;;;;;;;;;;;;;;;;"Sharpless 191; Sh 2-191; S191";;"form: irregular; struct: amorphous; bright: 3/3";"VizieR VII/20 (Sharpless 1959); B1900→J2000 precessed"
Sh2-192;HII;02:47:14.18;+61:59:16.6;;1;;;;14.0;;;;;;;;;;;;;;;;;;;"Sharpless 192; Sh 2-192; S192";;"form: elliptical; struct: amorphous; bright: 1/3";"VizieR VII/20 (Sharpless 1959); B1900→J2000 precessed"
Sh2-193;HII;02:47:32.54;+62:00:14.9;;2;;;;14.0;;;;;;;;;;;;;;;;;;;"Sharpless 193; Sh 2-193; S193";;"form: elliptical; struct: amorphous; bright: 1/3";"VizieR VII/20 (Sharpless 1959); B1900→J2000 precessed"
Sh2-194;HII;02:47:19.92;+61:56:16.1;;2;;;;11.0;;;;;;;;;;;;;;;;;;;"Sharpless 194; Sh 2-194; S194";;"form: elliptical; struct: amorphous; bright: 2/3";"VizieR VII/20 (Sharpless 1959); B1900→J2000 precessed"
Sh2-195;HII;02:40:06.04;+59:38:55.8;;3;;;;14.0;;;;;;;;;;;;;;;;;;;"Sharpless 195; Sh 2-195; S195";;"form: irregular; struct: amorphous; bright: 1/3";"VizieR VII/20 (Sharpless 1959); B1900→J2000 precessed"
Sh2-196;HII;02:51:19.21;+62:13:53.3;;4;;;;11.0;;;;;;;;;;;;;;;;;;;"Sharpless 196; Sh 2-196; S196";;"form: circular; struct: amorphous; bright: 2/3";"VizieR VII/20 (Sharpless 1959); B1900→J2000 precessed"
Sh2-197;HII;02:41:55.42;+59:38:45.7;;5;;;;14.0;;;;;;;;;;;;;;;;;;;"Sharpless 197; Sh 2-197; S197";;"form: irregular; struct: intermediate; bright: 1/3";"VizieR VII/20 (Sharpless 1959); B1900→J2000 precessed"
Sh2-198;HII;02:50:01.82;+59:41:60.0;;9;;;;11.0;;;;;;;;;;;;;;;;;;;"Sharpless 198; Sh 2-198; S198";;"form: elliptical; struct: intermediate; bright: 2/3";"VizieR VII/20 (Sharpless 1959); B1900→J2000 precessed"
Sh2-199;HII;02:54:33.57;+60:24:33.8;;120;;;;8.0;;;;;;;;;;;;;;;;;;;"Sharpless 199; Sh 2-199; S199";;"form: irregular; struct: intermediate; bright: 3/3; stars: 9";"VizieR VII/20 (Sharpless 1959); B1900→J2000 precessed"
Sh2-200;HII;03:10:45.07;+62:48:55.8;;6;;;;14.0;;;;;;;;;;;;;;;;;;;"Sharpless 200; Sh 2-200; S200";;"form: elliptical; struct: intermediate; bright: 1/3; stars: 1";"VizieR VII/20 (Sharpless 1959); B1900→J2000 precessed"
Sh2-201;HII;03:03:10.37;+60:28:42.0;;5;;;;8.0;;;;;;;;;;;;;;;;;;;"Sharpless 201; Sh 2-201; S201";;"form: irregular; struct: intermediate; bright: 3/3";"VizieR VII/20 (Sharpless 1959); B1900→J2000 precessed"
Sh2-202;HII;03:18:51.53;+59:38:02.4;;170;;;;14.0;;;;;;;;;;;;;;;;;;;"Sharpless 202; Sh 2-202; S202";;"form: irregular; struct: intermediate; bright: 1/3; stars: 8";"VizieR VII/20 (Sharpless 1959); B1900→J2000 precessed"
Sh2-203;HII;03:22:01.02;+54:52:40.0;;45;;;;14.0;;;;;;;;;;;;;;;;;;;"Sharpless 203; Sh 2-203; S203";;"form: circular; struct: intermediate; bright: 1/3";"VizieR VII/20 (Sharpless 1959); B1900→J2000 precessed"
Sh2-204;HII;03:55:45.65;+57:25:44.2;;40;;;;11.0;;;;;;;;;;;;;;;;;;;"Sharpless 204; Sh 2-204; S204";;"form: irregular; struct: intermediate; bright: 2/3";"VizieR VII/20 (Sharpless 1959); B1900→J2000 precessed"
Sh2-205;HII;03:56:08.16;+53:11:39.8;;120;;;;11.0;;;;;;;;;;;;;;;;;;;"Sharpless 205; Sh 2-205; S205";;"form: irregular; struct: intermediate; bright: 2/3; stars: 1";"VizieR VII/20 (Sharpless 1959); B1900→J2000 precessed"
Sh2-206;HII;04:03:13.07;+51:19:46.3;;50;;;;8.0;;;;;;;;;;;;;;;;;;;"Sharpless 206; Sh 2-206; S206";;"form: irregular; struct: intermediate; bright: 3/3; stars: 1";"VizieR VII/20 (Sharpless 1959); B1900→J2000 precessed"
Sh2-207;HII;04:20:04.96;+53:08:37.2;;4;;;;11.0;;;;;;;;;;;;;;;;;;;"Sharpless 207; Sh 2-207; S207";;"form: circular; struct: intermediate; bright: 2/3";"VizieR VII/20 (Sharpless 1959); B1900→J2000 precessed"
Sh2-208;HII;04:19:45.90;+52:58:39.6;;1;;;;8.0;;;;;;;;;;;;;;;;;;;"Sharpless 208; Sh 2-208; S208";;"form: circular; struct: intermediate; bright: 3/3";"VizieR VII/20 (Sharpless 1959); B1900→J2000 precessed"
Sh2-209;HII;04:11:03.01;+51:09:46.6;;14;;;;11.0;;;;;;;;;;;;;;;;;;;"Sharpless 209; Sh 2-209; S209";;"form: irregular; struct: intermediate; bright: 2/3";"VizieR VII/20 (Sharpless 1959); B1900→J2000 precessed"
Sh2-210;HII;04:30:59.09;+52:33:10.5;;20;;;;11.0;;;;;;;;;;;;;;;;;;;"Sharpless 210; Sh 2-210; S210";;"form: irregular; struct: amorphous; bright: 2/3";"VizieR VII/20 (Sharpless 1959); B1900→J2000 precessed"
Sh2-211;HII;04:36:57.80;+50:56:21.7;;2;;;;8.0;;;;;;;;;;;;;;;;;;;"Sharpless 211; Sh 2-211; S211";;"form: irregular; struct: intermediate; bright: 3/3";"VizieR VII/20 (Sharpless 1959); B1900→J2000 precessed"
Sh2-212;HII;04:40:37.76;+50:22:51.7;;5;;;;8.0;;;;;;;;;;;;;;;;;;;"Sharpless 212; Sh 2-212; S212";;"form: circular; struct: intermediate; bright: 3/3";"VizieR VII/20 (Sharpless 1959); B1900→J2000 precessed"
Sh2-213;HII;04:20:42.96;+44:55:29.6;;1;;;;14.0;;;;;;;;;;;;;;;;;;;"Sharpless 213; Sh 2-213; S213";;"form: irregular; struct: intermediate; bright: 1/3";"VizieR VII/20 (Sharpless 1959); B1900→J2000 precessed"
Sh2-214;HII;04:21:34.90;+44:22:22.6;;4;;;;14.0;;;;;;;;;;;;;;;;;;;"Sharpless 214; Sh 2-214; S214";;"form: circular; struct: amorphous; bright: 1/3";"VizieR VII/20 (Sharpless 1959); B1900→J2000 precessed"
Sh2-215;HII;04:17:32.95;+42:36:53.8;;2;;;;11.0;;;;;;;;;;;;;;;;;;;"Sharpless 215; Sh 2-215; S215";;"form: irregular; struct: intermediate; bright: 2/3";"VizieR VII/20 (Sharpless 1959); B1900→J2000 precessed"
Sh2-216;HII;04:44:57.03;+46:49:15.1;;80;;;;11.0;;;;;;;;;;;;;;;;;;;"Sharpless 216; Sh 2-216; S216";;"form: irregular; struct: intermediate; bright: 2/3; stars: 1";"VizieR VII/20 (Sharpless 1959); B1900→J2000 precessed"
Sh2-217;HII;04:58:47.51;+48:00:20.5;;9;;;;11.0;;;;;;;;;;;;;;;;;;;"Sharpless 217; Sh 2-217; S217";;"form: elliptical; struct: intermediate; bright: 2/3";"VizieR VII/20 (Sharpless 1959); B1900→J2000 precessed"
Sh2-218;HII;05:41:16.57;+52:11:18.3;;70;;;;14.0;;;;;;;;;;;;;;;;;;;"Sharpless 218; Sh 2-218; S218";;"form: elliptical; struct: amorphous; bright: 1/3";"VizieR VII/20 (Sharpless 1959); B1900→J2000 precessed"
Sh2-219;HII;04:56:08.01;+47:23:42.5;;3;;;;8.0;;;;;;;;;;;;;;;;;;;"Sharpless 219; Sh 2-219; S219";;"form: elliptical; struct: intermediate; bright: 3/3";"VizieR VII/20 (Sharpless 1959); B1900→J2000 precessed"
Sh2-220;HII;04:00:38.37;+36:37:02.1;;320;;;;8.0;;;;;;;;;;;;;;;;;;;"Sharpless 220; Sh 2-220; S220";;"form: irregular; struct: intermediate; bright: 3/3; stars: 1";"VizieR VII/20 (Sharpless 1959); B1900→J2000 precessed"
Sh2-221;HII;05:01:40.01;+46:20:55.8;;120;;;;14.0;;;;;;;;;;;;;;;;;;;"Sharpless 221; Sh 2-221; S221";;"form: irregular; struct: intermediate; bright: 1/3";"VizieR VII/20 (Sharpless 1959); B1900→J2000 precessed"
Sh2-222;HII;04:30:09.85;+35:16:12.2;;6;;;;8.0;;;;;;;;;;;;;;;;;;;"Sharpless 222; Sh 2-222; S222";;"form: irregular; struct: intermediate; bright: 3/3";"VizieR VII/20 (Sharpless 1959); B1900→J2000 precessed"
Sh2-223;HII;05:17:11.90;+42:12:42.6;;70;;;;11.0;;;;;;;;;;;;;;;;;;;"Sharpless 223; Sh 2-223; S223";;"form: irregular; struct: intermediate; bright: 2/3";"VizieR VII/20 (Sharpless 1959); B1900→J2000 precessed"
Sh2-224;HII;05:27:16.12;+42:58:16.3;;30;;;;11.0;;;;;;;;;;;;;;;;;;;"Sharpless 224; Sh 2-224; S224";;"form: irregular; struct: filamentary; bright: 2/3; stars: 1";"VizieR VII/20 (Sharpless 1959); B1900→J2000 precessed"
Sh2-225;HII;05:27:00.38;+40:37:17.8;;10;;;;11.0;;;;;;;;;;;;;;;;;;;"Sharpless 225; Sh 2-225; S225";;"form: irregular; struct: intermediate; bright: 2/3";"VizieR VII/20 (Sharpless 1959); B1900→J2000 precessed"
Sh2-226;HII;05:11:06.82;+37:59:33.4;;3;;;;8.0;;;;;;;;;;;;;;;;;;;"Sharpless 226; Sh 2-226; S226";;"form: irregular; struct: intermediate; bright: 3/3";"VizieR VII/20 (Sharpless 1959); B1900→J2000 precessed"
Sh2-227;HII;05:19:53.28;+38:57:18.6;;20;;;;11.0;;;;;;;;;;;;;;;;;;;"Sharpless 227; Sh 2-227; S227";;"form: irregular; struct: intermediate; bright: 2/3";"VizieR VII/20 (Sharpless 1959); B1900→J2000 precessed"
Sh2-228;HII;05:13:35.12;+37:27:12.2;;8;;;;8.0;;;;;;;;;;;;;;;;;;;"Sharpless 228; Sh 2-228; S228";;"form: irregular; struct: intermediate; bright: 3/3";"VizieR VII/20 (Sharpless 1959); B1900→J2000 precessed"
Sh2-229;HII;05:16:18.98;+34:27:48.1;;65;;;;8.0;;;;;;;;;;;;;;;;;;;"Sharpless 229; Sh 2-229; S229";;"form: irregular; struct: intermediate; bright: 3/3; stars: 1";"VizieR VII/20 (Sharpless 1959); B1900→J2000 precessed"
Sh2-230;HII;05:22:30.37;+34:07:54.9;;300;;;;11.0;;;;;;;;;;;;;;;;;;;"Sharpless 230; Sh 2-230; S230";;"form: irregular; struct: intermediate; bright: 2/3";"VizieR VII/20 (Sharpless 1959); B1900→J2000 precessed"
Sh2-231;HII;05:39:19.57;+35:55:29.8;;12;;;;11.0;;;;;;;;;;;;;;;;;;;"Sharpless 231; Sh 2-231; S231";;"form: irregular; struct: amorphous; bright: 2/3";"VizieR VII/20 (Sharpless 1959); B1900→J2000 precessed"
Sh2-232;HII;05:42:26.69;+36:12:02.8;;40;;;;11.0;;;;;;;;;;;;;;;;;;;"Sharpless 232; Sh 2-232; S232";;"form: elliptical; struct: intermediate; bright: 2/3; stars: 2";"VizieR VII/20 (Sharpless 1959); B1900→J2000 precessed"
Sh2-233;HII;05:38:43.07;+35:47:35.1;;2;;;;11.0;;;;;;;;;;;;;;;;;;;"Sharpless 233; Sh 2-233; S233";;"form: irregular; struct: intermediate; bright: 2/3";"VizieR VII/20 (Sharpless 1959); B1900→J2000 precessed"
Sh2-234;HII;05:28:07.78;+34:26:06.5;;12;;;;8.0;;;;;;;;;;;;;;;;;;;"Sharpless 234; Sh 2-234; S234";;"form: irregular; struct: intermediate; bright: 3/3; stars: 4";"VizieR VII/20 (Sharpless 1959); B1900→J2000 precessed"
Sh2-235;HII;05:41:01.39;+35:51:15.1;;10;;;;8.0;;;;;;;;;;;;;;;;;;;"Sharpless 235; Sh 2-235; S235";;"form: irregular; struct: intermediate; bright: 3/3";"VizieR VII/20 (Sharpless 1959); B1900→J2000 precessed"
Sh2-236;HII;05:22:33.83;+33:21:54.3;;55;;;;8.0;;;;;;;;;;;;;;;;;;;"Sharpless 236; Sh 2-236; S236";;"form: irregular; struct: intermediate; bright: 3/3; stars: 5";"VizieR VII/20 (Sharpless 1959); B1900→J2000 precessed"
Sh2-237;HII;05:31:25.45;+34:16:38.0;;7;;;;8.0;;;;;;;;;;;;;;;;;;;"Sharpless 237; Sh 2-237; S237";;"form: irregular; struct: intermediate; bright: 3/3; stars: 1";"VizieR VII/20 (Sharpless 1959); B1900→J2000 precessed"
Sh2-238;HII;04:21:49.98;+19:32:15.8;;1;;;;8.0;;;;;;;;;;;;;;;;;;;"Sharpless 238; Sh 2-238; S238";;"form: irregular; struct: intermediate; bright: 3/3";"VizieR VII/20 (Sharpless 1959); B1900→J2000 precessed"
Sh2-239;HII;04:31:17.40;+18:07:00.1;;5;;;;11.0;;;;;;;;;;;;;;;;;;;"Sharpless 239; Sh 2-239; S239";;"form: irregular; struct: intermediate; bright: 2/3";"VizieR VII/20 (Sharpless 1959); B1900→J2000 precessed"
Sh2-240;HII;05:41:00.33;+28:06:13.4;;180;;;;11.0;;;;;;;;;;;;;;;;;;;"Sharpless 240; Sh 2-240; S240";;"form: circular; struct: filamentary; bright: 2/3";"VizieR VII/20 (Sharpless 1959); B1900→J2000 precessed"
Sh2-241;HII;06:04:07.31;+30:14:52.0;;10;;;;8.0;;;;;;;;;;;;;;;;;;;"Sharpless 241; Sh 2-241; S241";;"form: irregular; struct: intermediate; bright: 3/3";"VizieR VII/20 (Sharpless 1959); B1900→J2000 precessed"
Sh2-242;HII;05:51:51.38;+27:00:38.5;;7;;;;11.0;;;;;;;;;;;;;;;;;;;"Sharpless 242; Sh 2-242; S242";;"form: circular; struct: intermediate; bright: 2/3";"VizieR VII/20 (Sharpless 1959); B1900→J2000 precessed"
Sh2-243;HII;05:39:22.52;+23:17:26.6;;6;;;;14.0;;;;;;;;;;;;;;;;;;;"Sharpless 243; Sh 2-243; S243";;"form: irregular; struct: intermediate; bright: 1/3";"VizieR VII/20 (Sharpless 1959); B1900→J2000 precessed"
Sh2-244;HII;05:34:30.73;+21:57:08.6;;5;;;;8.0;;;;;;;;;;;;;;;;;;;"Sharpless 244; Sh 2-244; S244";;"form: elliptical; struct: filamentary; bright: 3/3";"VizieR VII/20 (Sharpless 1959); B1900→J2000 precessed"
Sh2-245;HII;04:02:33.45;+04:07:42.9;;720;;;;11.0;;;;;;;;;;;;;;;;;;;"Sharpless 245; Sh 2-245; S245";;"form: irregular; struct: intermediate; bright: 2/3; stars: 2";"VizieR VII/20 (Sharpless 1959); B1900→J2000 precessed"
Sh2-246;HII;05:02:09.59;+14:05:44.5;;65;;;;14.0;;;;;;;;;;;;;;;;;;;"Sharpless 246; Sh 2-246; S246";;"form: irregular; struct: amorphous; bright: 1/3";"VizieR VII/20 (Sharpless 1959); B1900→J2000 precessed"
Sh2-247;HII;06:08:30.34;+21:37:11.9;;9;;;;11.0;;;;;;;;;;;;;;;;;;;"Sharpless 247; Sh 2-247; S247";;"form: circular; struct: amorphous; bright: 2/3; stars: 1";"VizieR VII/20 (Sharpless 1959); B1900→J2000 precessed"
Sh2-248;HII;06:16:38.68;+22:30:00.9;;50;;;;8.0;;;;;;;;;;;;;;;;;;;"Sharpless 248; Sh 2-248; S248";;"form: elliptical; struct: filamentary; bright: 3/3; stars: 4";"VizieR VII/20 (Sharpless 1959); B1900→J2000 precessed"
Sh2-249;HII;06:20:58.23;+23:05:23.3;;80;;;;11.0;;;;;;;;;;;;;;;;;;;"Sharpless 249; Sh 2-249; S249";;"form: irregular; struct: intermediate; bright: 2/3; stars: 6";"VizieR VII/20 (Sharpless 1959); B1900→J2000 precessed"
Sh2-250;HII;04:40:11.32;+07:21:46.2;;10;;;;14.0;;;;;;;;;;;;;;;;;;;"Sharpless 250; Sh 2-250; S250";;"form: irregular; struct: intermediate; bright: 1/3";"VizieR VII/20 (Sharpless 1959); B1900→J2000 precessed"
Sh2-251;HII;04:32:49.83;+05:51:45.8;;35;;;;14.0;;;;;;;;;;;;;;;;;;;"Sharpless 251; Sh 2-251; S251";;"form: irregular; struct: filamentary; bright: 1/3";"VizieR VII/20 (Sharpless 1959); B1900→J2000 precessed"
Sh2-252;HII;06:09:39.34;+20:30:01.6;;40;;;;8.0;;;;;;;;;;;;;;;;;;;"Sharpless 252; Sh 2-252; S252";;"form: irregular; struct: intermediate; bright: 3/3; stars: 1";"VizieR VII/20 (Sharpless 1959); B1900→J2000 precessed"
Sh2-253;HII;06:25:43.92;+20:01:41.2;;5;;;;14.0;;;;;;;;;;;;;;;;;;;"Sharpless 253; Sh 2-253; S253";;"form: irregular; struct: amorphous; bright: 1/3";"VizieR VII/20 (Sharpless 1959); B1900→J2000 precessed"
Sh2-254;HII;06:12:20.90;+18:02:37.6;;11;;;;11.0;;;;;;;;;;;;;;;;;;;"Sharpless 254; Sh 2-254; S254";;"form: elliptical; struct: intermediate; bright: 2/3; stars: 1";"VizieR VII/20 (Sharpless 1959); B1900→J2000 precessed"
Sh2-255;HII;06:13:08.72;+17:58:30.6;;3;;;;8.0;;;;;;;;;;;;;;;;;;;"Sharpless 255; Sh 2-255; S255";;"form: circular; struct: intermediate; bright: 3/3";"VizieR VII/20 (Sharpless 1959); B1900→J2000 precessed"
Sh2-256;HII;06:12:38.64;+17:56:35.0;;1;;;;11.0;;;;;;;;;;;;;;;;;;;"Sharpless 256; Sh 2-256; S256";;"form: irregular; struct: intermediate; bright: 2/3";"VizieR VII/20 (Sharpless 1959); B1900→J2000 precessed"
Sh2-257;HII;06:12:50.72;+17:58:33.2;;3;;;;8.0;;;;;;;;;;;;;;;;;;;"Sharpless 257; Sh 2-257; S257";;"form: circular; struct: intermediate; bright: 3/3";"VizieR VII/20 (Sharpless 1959); B1900→J2000 precessed"
Sh2-258;HII;06:13:32.59;+17:55:27.1;;1;;;;11.0;;;;;;;;;;;;;;;;;;;"Sharpless 258; Sh 2-258; S258";;"form: irregular; struct: intermediate; bright: 2/3";"VizieR VII/20 (Sharpless 1959); B1900→J2000 precessed"
Sh2-259;HII;06:11:37.37;+17:26:43.8;;2;;;;14.0;;;;;;;;;;;;;;;;;;;"Sharpless 259; Sh 2-259; S259";;"form: circular; struct: amorphous; bright: 1/3";"VizieR VII/20 (Sharpless 1959); B1900→J2000 precessed"
Sh2-260;HII;04:55:07.87;+05:39:42.2;;22;;;;14.0;;;;;;;;;;;;;;;;;;;"Sharpless 260; Sh 2-260; S260";;"form: irregular; struct: filamentary; bright: 1/3";"VizieR VII/20 (Sharpless 1959); B1900→J2000 precessed"
Sh2-261;HII;06:08:57.20;+15:48:06.9;;45;;;;11.0;;;;;;;;;;;;;;;;;;;"Sharpless 261; Sh 2-261; S261";;"form: irregular; struct: intermediate; bright: 2/3; stars: 1";"VizieR VII/20 (Sharpless 1959); B1900→J2000 precessed"
Sh2-262;HII;05:06:45.24;+06:10:04.3;;20;;;;14.0;;;;;;;;;;;;;;;;;;;"Sharpless 262; Sh 2-262; S262";;"form: irregular; struct: intermediate; bright: 1/3";"VizieR VII/20 (Sharpless 1959); B1900→J2000 precessed"
Sh2-263;HII;05:21:44.68;+08:23:56.5;;22;;;;11.0;;;;;;;;;;;;;;;;;;;"Sharpless 263; Sh 2-263; S263";;"form: elliptical; struct: intermediate; bright: 2/3; stars: 1";"VizieR VII/20 (Sharpless 1959); B1900→J2000 precessed"
Sh2-264;HII;05:35:12.53;+09:56:00.4;;390;;;;11.0;;;;;;;;;;;;;;;;;;;"Sharpless 264; Sh 2-264; S264";;"form: circular; struct: amorphous; bright: 2/3; stars: 9";"VizieR VII/20 (Sharpless 1959); B1900→J2000 precessed"
Sh2-265;HII;05:18:36.38;+07:26:23.4;;70;;;;11.0;;;;;;;;;;;;;;;;;;;"Sharpless 265; Sh 2-265; S265";;"form: irregular; struct: intermediate; bright: 2/3";"VizieR VII/20 (Sharpless 1959); B1900→J2000 precessed"
Sh2-266;HII;06:18:49.84;+15:16:40.5;;1;;;;8.0;;;;;;;;;;;;;;;;;;;"Sharpless 266; Sh 2-266; S266";;"form: elliptical; struct: intermediate; bright: 3/3";"VizieR VII/20 (Sharpless 1959); B1900→J2000 precessed"
Sh2-267;HII;06:15:53.34;+14:16:06.0;;4;;;;11.0;;;;;;;;;;;;;;;;;;;"Sharpless 267; Sh 2-267; S267";;"form: circular; struct: amorphous; bright: 2/3";"VizieR VII/20 (Sharpless 1959); B1900→J2000 precessed"
Sh2-268;HII;06:10:15.05;+13:19:55.1;;60;;;;14.0;;;;;;;;;;;;;;;;;;;"Sharpless 268; Sh 2-268; S268";;"form: irregular; struct: amorphous; bright: 1/3";"VizieR VII/20 (Sharpless 1959); B1900→J2000 precessed"
Sh2-269;HII;06:14:34.24;+13:49:17.4;;4;;;;8.0;;;;;;;;;;;;;;;;;;;"Sharpless 269; Sh 2-269; S269";;"form: irregular; struct: intermediate; bright: 3/3";"VizieR VII/20 (Sharpless 1959); B1900→J2000 precessed"
Sh2-270;HII;06:10:13.78;+12:48:55.2;;1;;;;8.0;;;;;;;;;;;;;;;;;;;"Sharpless 270; Sh 2-270; S270";;"form: irregular; struct: intermediate; bright: 3/3";"VizieR VII/20 (Sharpless 1959); B1900→J2000 precessed"
Sh2-271;HII;06:14:54.64;+12:21:14.2;;2;;;;8.0;;;;;;;;;;;;;;;;;;;"Sharpless 271; Sh 2-271; S271";;"form: circular; struct: intermediate; bright: 3/3";"VizieR VII/20 (Sharpless 1959); B1900→J2000 precessed"
Sh2-272;HII;06:15:00.60;+12:20:13.3;;1;;;;11.0;;;;;;;;;;;;;;;;;;;"Sharpless 272; Sh 2-272; S272";;"form: elliptical; struct: amorphous; bright: 2/3";"VizieR VII/20 (Sharpless 1959); B1900→J2000 precessed"
Sh2-273;HII;06:40:48.50;+09:54:28.7;;250;;;;8.0;;;;;;;;;;;;;;;;;;;"Sharpless 273; Sh 2-273; S273";;"form: irregular; struct: intermediate; bright: 3/3; stars: 11";"VizieR VII/20 (Sharpless 1959); B1900→J2000 precessed"
Sh2-274;HII;07:29:06.90;+13:15:42.8;;8;;;;8.0;;;;;;;;;;;;;;;;;;;"Sharpless 274; Sh 2-274; S274";;"form: irregular; struct: filamentary; bright: 3/3";"VizieR VII/20 (Sharpless 1959); B1900→J2000 precessed"
Sh2-275;HII;06:31:42.89;+04:55:46.5;;100;;;;8.0;;;;;;;;;;;;;;;;;;;"Sharpless 275; Sh 2-275; S275";;"form: circular; struct: intermediate; bright: 3/3; stars: 9";"VizieR VII/20 (Sharpless 1959); B1900→J2000 precessed"
Sh2-276;HII;05:27:28.12;-03:57:54.9;;1200;;;;11.0;;;;;;;;;;;;;;;;;;;"Sharpless 276; Sh 2-276; S276";;"form: elliptical; struct: intermediate; bright: 2/3";"VizieR VII/20 (Sharpless 1959); B1900→J2000 precessed"
Sh2-277;HII;05:40:43.63;-02:26:49.7;;120;;;;8.0;;;;;;;;;;;;;;;;;;;"Sharpless 277; Sh 2-277; S277";;"form: irregular; struct: intermediate; bright: 3/3; stars: 1";"VizieR VII/20 (Sharpless 1959); B1900→J2000 precessed"
Sh2-278;HII;05:19:48.23;-05:39:49.1;;50;;;;11.0;;;;;;;;;;;;;;;;;;;"Sharpless 278; Sh 2-278; S278";;"form: irregular; struct: intermediate; bright: 2/3";"VizieR VII/20 (Sharpless 1959); B1900→J2000 precessed"
Sh2-279;HII;05:35:20.15;-04:48:03.2;;20;;;;8.0;;;;;;;;;;;;;;;;;;;"Sharpless 279; Sh 2-279; S279";;"form: irregular; struct: intermediate; bright: 3/3; stars: 1";"VizieR VII/20 (Sharpless 1959); B1900→J2000 precessed"
Sh2-280;HII;06:34:19.33;+02:32:23.5;;40;;;;11.0;;;;;;;;;;;;;;;;;;;"Sharpless 280; Sh 2-280; S280";;"form: irregular; struct: intermediate; bright: 2/3; stars: 4";"VizieR VII/20 (Sharpless 1959); B1900→J2000 precessed"
Sh2-281;HII;05:34:54.60;-05:27:59.6;;60;;;;8.0;;;;;;;;;;;;;;;;;;;"Sharpless 281; Sh 2-281; S281";;"form: irregular; struct: intermediate; bright: 3/3; stars: 3";"VizieR VII/20 (Sharpless 1959); B1900→J2000 precessed"
Sh2-282;HII;06:37:58.96;+01:30:51.7;;35;;;;11.0;;;;;;;;;;;;;;;;;;;"Sharpless 282; Sh 2-282; S282";;"form: irregular; struct: intermediate; bright: 2/3; stars: 1";"VizieR VII/20 (Sharpless 1959); B1900→J2000 precessed"
Sh2-283;HII;06:38:39.11;+00:42:45.8;;3;;;;14.0;;;;;;;;;;;;;;;;;;;"Sharpless 283; Sh 2-283; S283";;"form: irregular; struct: amorphous; bright: 1/3";"VizieR VII/20 (Sharpless 1959); B1900→J2000 precessed"
Sh2-284;HII;06:45:02.02;+00:13:50.7;;80;;;;11.0;;;;;;;;;;;;;;;;;;;"Sharpless 284; Sh 2-284; S284";;"form: elliptical; struct: intermediate; bright: 2/3";"VizieR VII/20 (Sharpless 1959); B1900→J2000 precessed"
Sh2-285;HII;06:55:12.36;-00:30:36.5;;1;;;;8.0;;;;;;;;;;;;;;;;;;;"Sharpless 285; Sh 2-285; S285";;"form: circular; struct: intermediate; bright: 3/3";"VizieR VII/20 (Sharpless 1959); B1900→J2000 precessed"
Sh2-286;HII;06:54:33.25;-04:30:31.6;;6;;;;14.0;;;;;;;;;;;;;;;;;;;"Sharpless 286; Sh 2-286; S286";;"form: elliptical; struct: amorphous; bright: 1/3";"VizieR VII/20 (Sharpless 1959); B1900→J2000 precessed"
Sh2-287;HII;06:59:32.64;-04:48:14.0;;12;;;;11.0;;;;;;;;;;;;;;;;;;;"Sharpless 287; Sh 2-287; S287";;"form: irregular; struct: intermediate; bright: 2/3";"VizieR VII/20 (Sharpless 1959); B1900→J2000 precessed"
Sh2-288;HII;07:08:33.90;-04:18:30.0;;1;;;;8.0;;;;;;;;;;;;;;;;;;;"Sharpless 288; Sh 2-288; S288";;"form: irregular; struct: intermediate; bright: 3/3";"VizieR VII/20 (Sharpless 1959); B1900→J2000 precessed"
Sh2-289;HII;06:45:56.59;-07:20:18.4;;11;;;;14.0;;;;;;;;;;;;;;;;;;;"Sharpless 289; Sh 2-289; S289";;"form: elliptical; struct: amorphous; bright: 1/3; stars: 1";"VizieR VII/20 (Sharpless 1959); B1900→J2000 precessed"
Sh2-290;HII;08:54:11.08;+08:55:16.1;;17;;;;11.0;;;;;;;;;;;;;;;;;;;"Sharpless 290; Sh 2-290; S290";;"form: elliptical; struct: intermediate; bright: 2/3";"VizieR VII/20 (Sharpless 1959); B1900→J2000 precessed"
Sh2-291;HII;06:55:25.17;-08:01:39.5;;8;;;;11.0;;;;;;;;;;;;;;;;;;;"Sharpless 291; Sh 2-291; S291";;"form: elliptical; struct: amorphous; bright: 2/3";"VizieR VII/20 (Sharpless 1959); B1900→J2000 precessed"
Sh2-292;HII;07:04:25.80;-10:26:56.3;;21;;;;8.0;;;;;;;;;;;;;;;;;;;"Sharpless 292; Sh 2-292; S292";;"form: irregular; struct: intermediate; bright: 3/3; stars: 1";"VizieR VII/20 (Sharpless 1959); B1900→J2000 precessed"
Sh2-293;HII;07:01:47.71;-11:18:34.2;;11;;;;11.0;;;;;;;;;;;;;;;;;;;"Sharpless 293; Sh 2-293; S293";;"form: circular; struct: amorphous; bright: 2/3; stars: 1";"VizieR VII/20 (Sharpless 1959); B1900→J2000 precessed"
Sh2-294;HII;07:16:34.50;-09:26:37.6;;7;;;;8.0;;;;;;;;;;;;;;;;;;;"Sharpless 294; Sh 2-294; S294";;"form: irregular; struct: intermediate; bright: 3/3";"VizieR VII/20 (Sharpless 1959); B1900→J2000 precessed"
Sh2-295;HII;07:02:41.38;-11:27:41.7;;8;;;;14.0;;;;;;;;;;;;;;;;;;;"Sharpless 295; Sh 2-295; S295";;"form: circular; struct: amorphous; bright: 1/3; stars: 1";"VizieR VII/20 (Sharpless 1959); B1900→J2000 precessed"
Sh2-296;HII;07:05:48.05;-11:13:07.9;;200;;;;8.0;;;;;;;;;;;;;;;;;;;"Sharpless 296; Sh 2-296; S296";;"form: irregular; struct: intermediate; bright: 3/3; stars: 10";"VizieR VII/20 (Sharpless 1959); B1900→J2000 precessed"
Sh2-297;HII;07:05:15.42;-12:20:03.5;;7;;;;8.0;;;;;;;;;;;;;;;;;;;"Sharpless 297; Sh 2-297; S297";;"form: irregular; struct: intermediate; bright: 3/3; stars: 1";"VizieR VII/20 (Sharpless 1959); B1900→J2000 precessed"
Sh2-298;HII;07:18:37.96;-13:11:55.3;;22;;;;8.0;;;;;;;;;;;;;;;;;;;"Sharpless 298; Sh 2-298; S298";;"form: irregular; struct: filamentary; bright: 3/3; stars: 1";"VizieR VII/20 (Sharpless 1959); B1900→J2000 precessed"
Sh2-299;HII;07:30:39.76;-15:17:34.0;;1;;;;14.0;;;;;;;;;;;;;;;;;;;"Sharpless 299; Sh 2-299; S299";;"form: irregular; struct: amorphous; bright: 1/3";"VizieR VII/20 (Sharpless 1959); B1900→J2000 precessed"
Sh2-300;HII;07:31:03.51;-15:24:37.3;;3;;;;14.0;;;;;;;;;;;;;;;;;;;"Sharpless 300; Sh 2-300; S300";;"form: elliptical; struct: amorphous; bright: 1/3";"VizieR VII/20 (Sharpless 1959); B1900→J2000 precessed"
Sh2-301;HII;07:09:48.84;-18:28:42.8;;9;;;;8.0;;;;;;;;;;;;;;;;;;;"Sharpless 301; Sh 2-301; S301";;"form: elliptical; struct: intermediate; bright: 3/3";"VizieR VII/20 (Sharpless 1959); B1900→J2000 precessed"
Sh2-302;HII;07:31:41.88;-16:58:42.7;;21;;;;11.0;;;;;;;;;;;;;;;;;;;"Sharpless 302; Sh 2-302; S302";;"form: elliptical; struct: amorphous; bright: 2/3; stars: 4";"VizieR VII/20 (Sharpless 1959); B1900→J2000 precessed"
Sh2-303;HII;06:54:01.79;-22:25:30.2;;90;;;;11.0;;;;;;;;;;;;;;;;;;;"Sharpless 303; Sh 2-303; S303";;"form: elliptical; struct: intermediate; bright: 2/3";"VizieR VII/20 (Sharpless 1959); B1900→J2000 precessed"
Sh2-304;HII;06:43:26.60;-24:07:59.9;;200;;;;11.0;;;;;;;;;;;;;;;;;;;"Sharpless 304; Sh 2-304; S304";;"form: irregular; struct: intermediate; bright: 2/3";"VizieR VII/20 (Sharpless 1959); B1900→J2000 precessed"
Sh2-305;HII;07:30:08.09;-18:31:30.3;;4;;;;8.0;;;;;;;;;;;;;;;;;;;"Sharpless 305; Sh 2-305; S305";;"form: irregular; struct: intermediate; bright: 3/3";"VizieR VII/20 (Sharpless 1959); B1900→J2000 precessed"
Sh2-306;HII;07:30:36.72;-19:06:34.3;;30;;;;14.0;;;;;;;;;;;;;;;;;;;"Sharpless 306; Sh 2-306; S306";;"form: irregular; struct: intermediate; bright: 1/3; stars: 4";"VizieR VII/20 (Sharpless 1959); B1900→J2000 precessed"
Sh2-307;HII;07:35:31.97;-18:45:13.9;;6;;;;8.0;;;;;;;;;;;;;;;;;;;"Sharpless 307; Sh 2-307; S307";;"form: irregular; struct: intermediate; bright: 3/3";"VizieR VII/20 (Sharpless 1959); B1900→J2000 precessed"
Sh2-308;HII;06:54:09.72;-23:56:31.6;;35;;;;11.0;;;;;;;;;;;;;;;;;;;"Sharpless 308; Sh 2-308; S308";;"form: irregular; struct: filamentary; bright: 2/3; stars: 1";"VizieR VII/20 (Sharpless 1959); B1900→J2000 precessed"
Sh2-309;HII;07:32:06.07;-19:25:46.4;;12;;;;11.0;;;;;;;;;;;;;;;;;;;"Sharpless 309; Sh 2-309; S309";;"form: elliptical; struct: amorphous; bright: 2/3";"VizieR VII/20 (Sharpless 1959); B1900→J2000 precessed"
Sh2-310;HII;07:13:03.36;-24:35:11.0;;480;;;;11.0;;;;;;;;;;;;;;;;;;;"Sharpless 310; Sh 2-310; S310";;"form: irregular; struct: intermediate; bright: 2/3; stars: 2";"VizieR VII/20 (Sharpless 1959); B1900→J2000 precessed"
Sh2-311;HII;07:52:20.79;-26:26:27.8;;45;;;;8.0;;;;;;;;;;;;;;;;;;;"Sharpless 311; Sh 2-311; S311";;"form: irregular; struct: intermediate; bright: 3/3; stars: 2";"VizieR VII/20 (Sharpless 1959); B1900→J2000 precessed"
Sh2-312;HII;08:59:09.72;-25:41:18.8;;720;;;;11.0;;;;;;;;;;;;;;;;;;;"Sharpless 312; Sh 2-312; S312";;"form: irregular; struct: intermediate; bright: 2/3";"VizieR VII/20 (Sharpless 1959); B1900→J2000 precessed"
Sh2-313;HII;12:53:31.63;-22:51:35.6;;12;;;;11.0;;;;;;;;;;;;;;;;;;;"Sharpless 313; Sh 2-313; S313";;"form: circular; struct: intermediate; bright: 2/3";"VizieR VII/20 (Sharpless 1959); B1900→J2000 precessed"
